{
  "run_timestamp_utc": "2026-03-22T12:30:39.132283+00:00",
  "command": "simulate_server.py --verbose --max-n 4096 --output-json simulation_results_full.json",
  "python_version": "3.12.10 | packaged by conda-forge | (main, Apr 10 2025, 22:19:24) [Clang 18.1.8 ]",
  "platform": "macOS-26.0.1-arm64-arm-64bit",
  "trace_path": "/Users/valeriia_firs/Desktop/Huawei_3/AzureLMMInferenceTrace_multimodal.csv.gz",
  "trace_sha256": "1393ef21cc7e5e5a3155beea168edbb1b86b26d016464f102b580ff81e474e15",
  "request_count": 1000000,
  "minimal_accelerators_N": 5,
  "feasible": true,
  "limits": {
    "P_ttft_seconds": 5.0,
    "D_token_seconds": 12.0
  },
  "max_observed": {
    "ttft_seconds": 4.25432985991938,
    "t_seconds": 9.16751092649065
  },
  "ttft_stats_seconds": {
    "min": 0.0,
    "max": 4.25432985991938,
    "avg": 0.370294036976644,
    "median": 0.2862594006001018,
    "p90": 0.6625408483669162,
    "p95": 0.8650244395495963,
    "p99": 1.7713114931248128
  },
  "t_stats_seconds": {
    "min": 0.008333333331393078,
    "max": 9.16751092649065,
    "avg": 0.476479459230443,
    "median": 0.3717448175957543,
    "p90": 0.8016012710693758,
    "p95": 1.0369322533020748,
    "p99": 1.8463129234808744
  },
  "accelerator_summary": {
    "count": 5,
    "avg_utilization": 0.15195567766992796,
    "max_peak_memory": 52.39885000000001
  },
  "accelerator_telemetry": [
    {
      "accelerator_id": 0,
      "assigned_requests": 199793,
      "completed_requests": 199793,
      "stage1_batches": 199546,
      "stage2_batches": 199578,
      "stage3_batches": 196582,
      "stage1_units": 2915727,
      "stage2_units": 587611624,
      "stage3_units": 37550739,
      "stage1_time": 2365.731814904111,
      "stage2_time": 71222.3981173408,
      "stage3_time": 18596.87931770436,
      "busy_time": 92185.00924994926,
      "idle_time": 512614.9546047952,
      "utilization": 0.1524223127633808,
      "peak_memory": 52.39885000000001,
      "peak_q1_len": 6,
      "peak_q2_len": 6,
      "peak_q3_len": 14
    },
    {
      "accelerator_id": 1,
      "assigned_requests": 200012,
      "completed_requests": 200012,
      "stage1_batches": 199760,
      "stage2_batches": 199802,
      "stage3_batches": 196827,
      "stage1_units": 2881465,
      "stage2_units": 580770192,
      "stage3_units": 37438899,
      "stage1_time": 2340.1078456020077,
      "stage2_time": 70933.61758317197,
      "stage3_time": 18591.974319230605,
      "busy_time": 91865.69974800458,
      "idle_time": 512928.8355771503,
      "utilization": 0.151895717276306,
      "peak_memory": 51.99915,
      "peak_q1_len": 6,
      "peak_q2_len": 6,
      "peak_q3_len": 15
    },
    {
      "accelerator_id": 2,
      "assigned_requests": 200005,
      "completed_requests": 200005,
      "stage1_batches": 199732,
      "stage2_batches": 199759,
      "stage3_batches": 196794,
      "stage1_units": 2850361,
      "stage2_units": 580938721,
      "stage3_units": 36926086,
      "stage1_time": 2329.2181660003907,
      "stage2_time": 70860.21913291748,
      "stage3_time": 18543.88312603023,
      "busy_time": 91733.32042494809,
      "idle_time": 513060.5664946049,
      "utilization": 0.15167699675699606,
      "peak_memory": 49.494550000000004,
      "peak_q1_len": 6,
      "peak_q2_len": 6,
      "peak_q3_len": 16
    },
    {
      "accelerator_id": 3,
      "assigned_requests": 200155,
      "completed_requests": 200155,
      "stage1_batches": 199920,
      "stage2_batches": 199951,
      "stage3_batches": 196968,
      "stage1_units": 2827501,
      "stage2_units": 578777860,
      "stage3_units": 37190240,
      "stage1_time": 2317.119993013354,
      "stage2_time": 70845.52356393276,
      "stage3_time": 18617.833919931403,
      "busy_time": 91780.47747687752,
      "idle_time": 513012.52830408426,
      "utilization": 0.15175518995687212,
      "peak_memory": 50.392649999999996,
      "peak_q1_len": 5,
      "peak_q2_len": 5,
      "peak_q3_len": 11
    },
    {
      "accelerator_id": 4,
      "assigned_requests": 200035,
      "completed_requests": 200035,
      "stage1_batches": 199778,
      "stage2_batches": 199813,
      "stage3_batches": 196831,
      "stage1_units": 2857116,
      "stage2_units": 582856097,
      "stage3_units": 37525703,
      "stage1_time": 2335.0485581280113,
      "stage2_time": 70975.07440526379,
      "stage3_time": 18635.375386077732,
      "busy_time": 91945.49834946953,
      "idle_time": 512847.00414641295,
      "utilization": 0.15202817159608475,
      "peak_memory": 51.2554,
      "peak_q1_len": 5,
      "peak_q2_len": 5,
      "peak_q3_len": 17
    }
  ],
  "search_history": [
    {
      "phase": "expand",
      "accelerator_count": 1,
      "feasible": false,
      "max_ttft": 5.105240754391332,
      "max_t": 11.058725358516483,
      "reason": "TTFT violation on request 1500",
      "runtime_seconds": 0.41599149990361184
    },
    {
      "phase": "expand",
      "accelerator_count": 2,
      "feasible": false,
      "max_ttft": 5.611181056399801,
      "max_t": 11.756203611206729,
      "reason": "TTFT violation on request 49875",
      "runtime_seconds": 0.5336522919824347
    },
    {
      "phase": "expand",
      "accelerator_count": 4,
      "feasible": false,
      "max_ttft": 5.068001977575477,
      "max_t": 11.060302346129902,
      "reason": "TTFT violation on request 575986",
      "runtime_seconds": 3.218480750103481
    },
    {
      "phase": "expand",
      "accelerator_count": 8,
      "feasible": true,
      "max_ttft": 4.020387452845171,
      "max_t": 4.450182059343206,
      "reason": "ok",
      "runtime_seconds": 4.8781789999920875
    },
    {
      "phase": "binary",
      "accelerator_count": 4,
      "feasible": false,
      "max_ttft": 5.068001977575477,
      "max_t": 11.060302346129902,
      "reason": "TTFT violation on request 575986",
      "runtime_seconds": 3.2096201250096783
    },
    {
      "phase": "binary",
      "accelerator_count": 6,
      "feasible": true,
      "max_ttft": 4.020387452845171,
      "max_t": 7.471134545863606,
      "reason": "ok",
      "runtime_seconds": 4.835817374987528
    },
    {
      "phase": "binary",
      "accelerator_count": 5,
      "feasible": true,
      "max_ttft": 4.25432985991938,
      "max_t": 9.16751092649065,
      "reason": "ok",
      "runtime_seconds": 4.768079790985212
    }
  ],
  "parameters": {
    "A": 1.0,
    "B": 1.0,
    "C": 1.0,
    "X": 0.0008,
    "Y": 0.00035,
    "Z": 0.0002,
    "M": 80.0,
    "K": 120.0,
    "cost_power": 0.5,
    "assignment": "balanced",
    "scheduler": "edf",
    "stage1_max_requests": 64,
    "stage2_max_requests": 64,
    "stage3_max_requests": 64,
    "stage1_max_units": 2048,
    "stage2_max_units": 16384,
    "stage3_max_units": 8192,
    "queue_scan_limit": 256
  },
  "runtime_seconds": 26.701687791966833
}